season,week,home_team,away_team,total,spread,ml,home_implied_score,away_implied_score,home_score,away_score,home_predicted_score,away_predicted_score,predicted_spread,actual_spread,predicted_total,actual_total,predicted_winner,actual_winner,spread_won,total_won,ml_won
2023,10,ARI,ATL,43.5,2.0,ATL,21.0,23.0,25,23,20.210839223900745,20.79001769592281,0.5791784720220647,-2,41.000856919823555,48,ATL,ARI,True,False,False
2023,10,BAL,CLE,38.0,-6.0,BAL,22.0,16.0,31,33,24.145757611727298,16.457990359322622,-7.687767252404676,2,40.60374797104992,64,BAL,CLE,False,False,False
2023,10,BUF,DEN,47.5,-7.5,BUF,28.0,20.0,22,24,28.399067049088124,20.110010709250925,-8.289056339837199,2,48.509077758339046,46,BUF,DEN,False,False,False
2023,10,CAR,CHI,38.0,3.5,CHI,17.0,21.0,13,16,19.8050242234138,21.727212160457313,1.922187937043514,3,41.53223638387111,29,CHI,CHI,True,False,True
2023,10,CIN,HOU,45.5,-5.5,CIN,26.0,20.0,27,30,25.750042769685866,19.919590058349193,-5.830452711336672,3,45.66963282803506,57,CIN,HOU,False,False,False
2023,10,DAL,NYG,39.0,-17.5,DAL,28.0,11.0,49,17,25.240493679778805,16.779413370280388,-8.461080309498417,-32,42.01990705005919,66,DAL,DAL,False,False,True
2023,10,DET,LAC,48.5,-2.5,DET,26.0,23.0,41,38,25.56781758408581,22.645898280551926,-2.9219193035338833,-3,48.213715864637734,79,DET,DET,True,False,True
2023,10,GB,PIT,38.5,3.0,PIT,18.0,21.0,19,23,18.46391191861192,20.259373577984363,1.7954616593724424,4,38.72328549659628,42,PIT,PIT,False,False,True
2023,10,IND,NE,42.5,-1.5,IND,22.0,20.0,10,6,21.56481140860111,19.452259636845703,-2.112551771755406,-4,41.01707104544681,16,IND,IND,True,True,True
2023,10,JAX,SF,44.5,3.0,SF,21.0,24.0,3,34,22.61201492818784,24.028505107215125,1.416490179027285,31,46.640520035402965,37,SF,SF,False,False,True
2023,10,LV,NYJ,35.5,1.0,NYJ,17.0,18.0,16,12,18.56064618024652,18.831760850090767,0.27111466984424837,-4,37.39240703033728,28,NYJ,LV,True,False,False
2023,10,MIN,NO,40.5,3.0,NO,19.0,22.0,27,19,19.270202147537407,23.43626287274327,4.166060725205863,-8,42.706465020280675,46,NO,MIN,False,False,False
2023,10,SEA,WAS,44.0,-6.0,SEA,25.0,19.0,29,26,25.39421862793789,19.075775167983444,-6.318443459954445,-3,44.46999379592133,55,SEA,SEA,False,False,True
2023,10,TB,TEN,39.0,-2.5,TB,21.0,18.0,20,6,21.56593092624706,19.926699414137865,-1.6392315121091947,-14,41.49263034038492,26,TB,TB,False,False,True
2023,11,ARI,HOU,48.0,5.0,HOU,22.0,26.0,16,21,21.988766425721128,24.701154733005875,2.7123883072847477,5,46.689921158727,37,HOU,HOU,False,True,True
2023,11,BAL,CIN,46.5,-4.0,BAL,25.0,21.0,34,20,26.026820600407845,21.795209971238634,-4.231610629169211,-14,47.82203057164648,54,BAL,BAL,True,False,True
2023,11,BUF,NYJ,39.0,-8.5,BUF,24.0,15.0,32,6,25.66242798409047,19.065128956214252,-6.597299027876218,-26,44.72755694030472,38,BUF,BUF,False,False,True
2023,11,CAR,DAL,43.0,11.0,DAL,16.0,27.0,10,33,16.240938252319005,25.932514181184924,9.69157592886592,23,42.173452433503925,43,DAL,DAL,False,False,True
2023,11,CHI,DET,48.0,8.0,DET,20.0,28.0,26,31,20.40467375395738,27.592027355969915,7.187353602012536,5,47.996701109927294,57,DET,DET,True,False,True
2023,11,CLE,PIT,34.5,-2.0,CLE,18.0,16.0,13,10,17.598749063553747,16.68209725499422,-0.9166518085595285,-3,34.280846318547965,23,CLE,CLE,False,True,True
2023,11,DEN,MIN,43.0,-2.5,DEN,23.0,20.0,21,20,21.94043981372152,21.451918362733345,-0.488521450988177,-1,43.39235817645486,41,DEN,DEN,True,False,True
2023,11,GB,LAC,44.0,3.0,LAC,20.0,24.0,23,20,20.668659651506303,23.17755419930518,2.508894547798878,-3,43.84621385081148,43,LAC,GB,True,True,False
2023,11,JAX,TEN,40.0,-6.5,JAX,23.0,17.0,34,14,22.229195065318486,18.55915977593413,-3.670035289384355,-20,40.78835484125261,48,JAX,JAX,False,False,True
2023,11,KC,PHI,46.0,-2.5,KC,24.0,22.0,17,21,24.576340784802056,22.215975773602196,-2.3603650111998604,4,46.79231655840425,38,KC,PHI,True,False,False
2023,11,LAR,SEA,46.0,-2.0,LAR,24.0,22.0,17,16,23.88043982544977,23.682255183428094,-0.19818464202167618,-1,47.56269500887787,33,LAR,LAR,True,False,True
2023,11,LV,MIA,44.5,14.0,MIA,15.0,29.0,13,20,16.46765997987479,29.017051015967485,12.549391036092697,7,45.48471099584228,33,MIA,MIA,True,False,True
2023,11,NYG,WAS,39.0,8.5,WAS,15.0,24.0,31,19,18.71231342121398,23.766183879206757,5.053870457992776,-12,42.47849730042074,50,WAS,NYG,True,False,False
2023,11,SF,TB,41.5,-13.5,SF,28.0,14.0,27,14,28.36032489260147,15.34247867677181,-13.017846215829659,-13,43.70280356937328,41,SF,SF,True,False,True
2023,12,ARI,LAR,45.0,3.0,LAR,21.0,24.0,14,37,20.78857733691636,23.566040918790573,2.777463581874212,23,44.35461825570694,51,LAR,LAR,False,False,True
2023,12,ATL,NO,42.0,2.0,NO,20.0,22.0,24,15,19.256539622704977,23.107024210902622,3.850484588197645,-9,42.3635638336076,39,NO,ATL,False,False,False
2023,12,BAL,LAC,49.0,-3.0,BAL,26.0,23.0,20,10,27.836768477368924,22.07915184310289,-5.757616634266036,-10,49.91592032047181,30,BAL,BAL,True,False,True
2023,12,BUF,PHI,48.5,2.5,PHI,23.0,26.0,34,37,23.570468422898173,25.00694468465194,1.4364762617537679,3,48.577413107550115,71,PHI,PHI,False,False,True
2023,12,CAR,TEN,35.5,3.5,TEN,16.0,20.0,10,17,18.66595225485969,19.40151586989947,0.73556361503978,7,38.06746812475916,27,TEN,TEN,False,False,True
2023,12,CHI,MIN,43.5,3.0,MIN,20.0,23.0,12,10,19.951779540588785,24.39898125684942,4.447201716260636,-2,44.350760797438205,22,MIN,CHI,False,False,False
2023,12,CIN,PIT,37.0,2.0,PIT,18.0,20.0,10,16,18.24333084888259,18.386833748877564,0.14350289999497434,6,36.63016459776016,26,PIT,PIT,False,True,True
2023,12,CLE,DEN,37.5,1.5,DEN,18.0,20.0,12,29,17.611770464284014,20.34948984322658,2.7377193789425647,17,37.96126030751059,41,DEN,DEN,True,False,True
2023,12,DAL,WAS,48.0,-13.0,DAL,30.0,18.0,45,10,30.232056865605546,16.475930253851487,-13.756126611754059,-35,46.70798711945703,55,DAL,DAL,True,False,True
2023,12,DET,GB,47.0,-8.5,DET,28.0,19.0,22,29,28.656037131025847,19.28607546933845,-9.369961661687398,7,47.9421126003643,51,DET,GB,False,False,False
2023,12,HOU,JAX,47.5,1.5,JAX,23.0,24.0,21,24,22.49661570743188,23.96817747354269,1.4715617661108098,3,46.46479318097457,45,JAX,JAX,False,True,True
2023,12,IND,TB,45.0,-2.5,IND,24.0,21.0,27,20,24.55731855420792,22.479030344084315,-2.078288210123606,-7,47.03634889829223,47,IND,IND,False,False,True
2023,12,KC,LV,42.5,-9.0,KC,26.0,17.0,31,17,26.67086332628802,18.378997695623273,-8.291865630664748,-14,45.0498610219113,48,KC,KC,False,False,True
2023,12,MIA,NYJ,40.0,-9.5,MIA,25.0,15.0,34,13,25.24463400346997,18.43736954427431,-6.8072644591956575,-21,43.68200354774428,47,MIA,MIA,False,False,True
2023,12,NE,NYG,36.0,-4.5,NE,20.0,16.0,7,10,19.523629548969105,18.645177658178966,-0.8784518907901386,3,38.16880720714807,17,NE,NYG,True,False,False
2023,12,SEA,SF,43.0,7.0,SF,18.0,25.0,13,31,19.184301223373183,27.14126713206197,7.956965908688787,18,46.32556835543515,44,SF,SF,True,False,True
2023,13,ARI,PIT,41.0,6.0,PIT,18.0,24.0,24,10,18.863550581547678,22.968978510191473,4.105427928643795,-14,41.83252909173915,34,PIT,ARI,True,False,False
2023,13,ATL,NYJ,33.0,-2.0,ATL,18.0,16.0,13,8,19.576639753675593,19.92552485953445,0.3488851058588551,-5,39.50216461321004,21,NYJ,ATL,False,False,False
2023,13,CAR,TB,36.5,3.5,TB,16.0,20.0,18,21,20.648350161353083,20.481987596420574,-0.16636256493250912,3,41.13033775777366,39,CAR,TB,True,False,False
2023,13,CIN,JAX,41.0,10.0,JAX,16.0,26.0,34,31,18.071830668125692,25.103985792220374,7.0321551240946825,-3,43.17581646034607,65,JAX,CIN,True,False,False
2023,13,CLE,LAR,39.5,3.5,LAR,18.0,22.0,19,36,17.958048659684344,21.57690907125789,3.6188604115735465,17,39.53495773094224,55,LAR,LAR,True,False,True
2023,13,DAL,SEA,47.5,-9.5,DAL,28.0,19.0,41,35,28.33174849987383,17.119731098616434,-11.212017401257395,-6,45.451479598490266,76,DAL,DAL,False,False,True
2023,13,DEN,HOU,47.0,3.0,HOU,22.0,25.0,17,22,23.205495053881116,26.54481842929775,3.339323375416633,5,49.750313483178864,39,HOU,HOU,True,False,True
2023,13,DET,NO,47.5,-4.0,DET,26.0,22.0,33,28,25.620253835035218,23.539078687947992,-2.081175147087226,-5,49.159332522983206,61,DET,DET,False,False,True
2023,13,GB,KC,44.0,6.0,KC,19.0,25.0,27,19,18.38823140981904,22.80051316481198,4.412281754992943,-8,41.188744574631016,46,KC,GB,True,False,False
2023,13,IND,TEN,42.0,-1.0,IND,22.0,20.0,31,28,21.85975672480799,20.457400588140686,-1.4023561366673043,-3,42.31715731294868,59,IND,IND,True,False,True
2023,13,LAC,NE,39.0,-4.5,LAC,22.0,17.0,6,0,22.36058034105858,17.388762883827095,-4.971817457231484,-6,39.74934322488568,6,LAC,LAC,True,False,True
2023,13,MIA,WAS,49.5,-9.0,MIA,29.0,20.0,45,15,26.947293266078027,18.78431006368931,-8.162983202388716,-30,45.73160332976734,60,MIA,MIA,False,False,True
2023,13,PHI,SF,46.5,3.0,SF,22.0,25.0,19,42,22.622552578260603,27.043115280933456,4.420562702672854,23,49.66566785919406,61,SF,SF,True,False,True
2023,14,ATL,TB,41.5,-1.5,ATL,22.0,20.0,25,29,20.69128937234187,19.454801876736767,-1.236487495605104,4,40.14609124907864,54,ATL,TB,True,False,False
2023,14,BAL,LAR,42.0,-7.5,BAL,25.0,17.0,37,31,25.601810710298583,17.401495243555377,-8.200315466743206,-6,43.00330595385396,68,BAL,BAL,False,False,True
2023,14,BUF,KC,49.5,2.0,KC,24.0,26.0,20,17,23.87141210585966,24.08925124279236,0.21783913693270307,-3,47.96066334865202,37,KC,BUF,True,True,False
2023,14,CAR,NO,39.0,5.0,NO,17.0,22.0,6,28,18.153144815557177,20.85601461667302,2.702869801115842,22,39.00915943223019,34,NO,NO,False,False,True
2023,14,CHI,DET,44.5,3.0,DET,21.0,24.0,28,13,22.50091821681349,25.52883610076412,3.027917883950632,-15,48.02975431757761,41,DET,CHI,False,False,False
2023,14,CIN,IND,44.5,-3.0,CIN,24.0,21.0,34,14,22.90614009881083,21.80708374160076,-1.0990563572100704,-20,44.71322384041159,48,CIN,CIN,False,False,True
2023,14,CLE,JAX,37.5,-2.0,CLE,20.0,18.0,31,27,17.80504579769837,20.096896466736332,2.291850669037963,-4,37.9019422644347,58,JAX,CLE,False,False,False
2023,14,DAL,PHI,52.5,-3.5,DAL,28.0,24.0,33,13,29.257324794261603,22.858310010488825,-6.3990147837727775,-20,52.11563480475043,46,DAL,DAL,True,True,True
2023,14,DEN,LAC,46.0,3.0,LAC,22.0,24.0,24,7,21.647987300024756,23.882813355171823,2.2348260551470673,-17,45.53080065519658,31,LAC,DEN,True,True,False
2023,14,GB,NYG,37.0,-5.5,GB,21.0,16.0,22,24,23.163649953102478,18.41214394071777,-4.751506012384709,2,41.57579389382025,46,GB,NYG,True,False,False
2023,14,HOU,NYJ,33.5,-3.0,HOU,18.0,15.0,6,30,19.123549009459246,19.298493509524263,0.17494450006501694,24,38.42204251898351,36,NYJ,NYJ,True,False,False
2023,14,LV,MIN,40.5,3.0,MIN,19.0,22.0,0,3,19.735949304333168,23.630320574106626,3.8943712697734583,3,43.366269878439795,3,MIN,MIN,False,False,True
2023,14,MIA,TEN,45.0,-13.5,MIA,29.0,16.0,27,28,27.97726803975354,16.534425872377323,-11.442842167376217,1,44.511693912130866,55,MIA,TEN,True,False,False
2023,14,NE,PIT,30.5,5.0,PIT,13.0,18.0,21,18,16.841187036579186,18.369305030702648,1.5281179941234626,-3,35.210492067281834,39,PIT,NE,True,False,False
2023,14,SEA,SF,44.5,14.5,SF,15.0,30.0,16,28,16.883769497467238,28.43361352295409,11.549844025486852,12,45.31738302042133,44,SF,SF,True,False,True
2023,15,ARI,SF,48.5,11.5,SF,18.0,30.0,29,45,16.626920340752704,27.745174531951065,11.11825419119836,16,44.37209487270377,74,SF,SF,False,False,True
2023,15,ATL,CAR,32.0,-2.5,ATL,17.0,15.0,7,9,18.388877069782925,18.417069096738103,0.028192026955178306,2,36.805946166521025,16,CAR,CAR,True,False,False
2023,15,BAL,JAX,42.5,4.0,JAX,19.0,23.0,23,7,19.8511234490498,20.603914202400233,0.7527907533504319,-16,40.455037651450034,30,JAX,BAL,True,True,False
2023,15,BUF,DAL,49.0,-2.5,BUF,26.0,23.0,31,10,24.99379858705685,23.38361796127289,-1.6101806257839613,-21,48.37741654832974,41,BUF,BUF,False,True,True
2023,15,CHI,CLE,37.5,3.0,CLE,17.0,20.0,17,20,19.18439600152638,17.607165521485,-1.5772304800413792,3,36.79156152301138,37,CHI,CLE,False,True,False
2023,15,CIN,MIN,41.0,-3.0,CIN,22.0,19.0,27,24,21.525500166270504,19.32530024797157,-2.200199918298935,-3,40.85080041424207,51,CIN,CIN,False,False,True
2023,15,DEN,DET,49.0,5.0,DET,22.0,27.0,17,42,21.695354707320753,27.439493689414952,5.744138982094199,25,49.134848396735705,59,DET,DET,True,False,True
2023,15,GB,TB,41.5,-4.0,GB,23.0,19.0,20,34,23.487345937073123,18.306655438059494,-5.180690499013629,14,41.794001375132616,54,GB,TB,False,False,False
2023,15,HOU,TEN,38.0,3.0,TEN,18.0,20.0,19,16,19.065103396181765,20.053981093852535,0.9888776976707696,-3,39.1190844900343,35,TEN,HOU,True,False,False
2023,15,IND,PIT,41.5,-1.0,IND,21.0,20.0,30,13,21.302090717689705,18.215217855010472,-3.0868728626792326,-17,39.51730857270017,43,IND,IND,True,False,True
2023,15,KC,NE,39.5,-9.5,KC,24.0,15.0,27,17,23.6166976996546,17.23410116167965,-6.382596537974951,-10,40.850798861334255,44,KC,KC,False,False,True
2023,15,LAC,LV,35.5,3.0,LV,16.0,16.0,21,63,19.745819374964633,18.99833794742151,-0.7474814275431214,42,38.744157322386144,84,LAC,LV,False,False,False
2023,15,LAR,WAS,48.5,-6.5,LAR,28.0,21.0,28,20,29.988568808570385,21.400166286124893,-8.588402522445492,-8,51.38873509469528,48,LAR,LAR,True,False,True
2023,15,MIA,NYJ,35.5,-7.0,MIA,21.0,14.0,30,0,21.743452142764404,19.00274350879189,-2.7407086339725133,-30,40.74619565155629,30,MIA,MIA,False,False,True
2023,15,NO,NYG,39.5,-6.0,NO,23.0,17.0,24,6,22.05478046003652,18.946789415672296,-3.1079910443642227,-18,41.00156987570881,30,NO,NO,False,False,True
2023,15,PHI,SEA,46.5,-4.0,PHI,25.0,21.0,17,20,26.80478348671653,22.241787119562908,-4.562996367153623,3,49.04657060627944,37,PHI,SEA,False,False,False
2023,16,ARI,CHI,42.0,4.5,CHI,19.0,23.0,16,27,19.74867937482947,20.115760377058216,0.36708100222874407,11,39.86443975188769,43,CHI,CHI,False,False,True
2023,16,ATL,IND,44.5,-2.5,ATL,24.0,21.0,29,10,23.687206302699654,21.87317316899998,-1.8140331336996738,-19,45.56037947169963,39,ATL,ATL,False,False,True
2023,16,BAL,SF,47.5,6.5,SF,20.0,27.0,33,19,19.522479729956586,27.212009379276054,7.689529649319468,-14,46.73448910923264,52,SF,BAL,False,False,False
2023,16,BUF,LAC,44.5,-12.5,BUF,28.0,16.0,24,22,32.46260734427126,18.69070480514318,-13.771902539128082,-2,51.15331214941445,46,BUF,BUF,False,False,True
2023,16,CAR,GB,38.5,3.5,GB,18.0,21.0,30,33,19.87051836961946,21.94357514082442,2.0730567712049606,3,41.81409351044388,63,GB,GB,True,False,True
2023,16,CIN,PIT,39.0,-3.0,CIN,21.0,18.0,11,34,21.969292444884815,18.69995772613612,-3.269334718748695,23,40.669250171020934,45,CIN,PIT,False,False,False
2023,16,CLE,HOU,40.0,-3.0,CLE,22.0,18.0,36,22,20.40320492952945,17.3533973040394,-3.0498076254900504,-14,37.756602233568856,58,CLE,CLE,True,False,True
2023,16,DAL,MIA,48.5,1.5,MIA,24.0,25.0,20,22,23.784438334898095,22.384562834463658,-1.3998755004344368,2,46.16900116936175,42,DAL,MIA,False,True,False
2023,16,DEN,NE,37.5,-7.0,DEN,22.0,15.0,23,26,20.928044221039748,18.24647709882206,-2.6815671222176896,3,39.17452131986181,49,DEN,NE,True,False,False
2023,16,DET,MIN,47.5,-2.5,DET,25.0,22.0,30,24,27.69200064716673,23.45949913121001,-4.23250151595672,-6,51.15149977837674,54,DET,DET,True,False,True
2023,16,JAX,TB,43.0,-2.0,JAX,22.0,20.0,12,30,21.843524909577845,18.453167853580297,-3.3903570559975478,18,40.29669276315814,42,JAX,TB,False,True,False
2023,16,KC,LV,40.5,-11.0,KC,26.0,15.0,14,20,25.33383262822877,17.13552042771093,-8.19831220051784,6,42.4693530559397,34,KC,LV,True,False,False
2023,16,LAR,NO,45.0,-4.0,LAR,24.0,20.0,30,22,23.973802749912608,19.47757042086006,-4.496232329052546,-8,43.45137317077267,52,LAR,LAR,True,False,True
2023,16,NYG,PHI,41.5,14.0,PHI,14.0,28.0,25,33,18.435443145973956,28.734429113553468,10.298985967579512,8,47.16987225952742,58,PHI,PHI,True,False,True
2023,16,NYJ,WAS,37.0,-3.0,NYJ,20.0,17.0,30,28,18.9564719647108,18.492198191815543,-0.4642737728952575,-2,37.44867015652635,58,NYJ,NYJ,True,False,True
2023,16,SEA,TEN,42.0,-3.0,SEA,22.0,20.0,20,17,23.29575968920826,19.26421991720408,-4.03153977200418,-3,42.55997960641234,37,SEA,SEA,False,False,True
2023,17,ARI,PHI,48.0,12.5,PHI,18.0,30.0,35,31,17.39961861989603,27.351247169334204,9.951628549438173,-4,44.75086578923023,66,PHI,ARI,True,False,False
2023,17,ATL,CHI,39.0,2.5,CHI,18.0,21.0,17,37,18.614989373969067,21.32685069071728,2.7118613167482124,20,39.941840064686346,54,CHI,CHI,True,False,True
2023,17,BAL,MIA,46.5,-3.0,BAL,25.0,22.0,56,19,24.20841302687743,24.135844907668254,-0.07256811920917627,-37,48.34425793454568,75,BAL,BAL,False,False,True
2023,17,BUF,NE,40.0,-14.5,BUF,27.0,13.0,27,21,26.996913054183224,17.506659106454283,-9.490253947728942,-6,44.5035721606375,48,BUF,BUF,True,False,True
2023,17,CAR,JAX,37.5,3.5,JAX,17.0,20.0,0,26,20.17123268738125,20.636818652413254,0.46558596503200533,26,40.8080513397945,26,JAX,JAX,False,False,True
2023,17,CIN,KC,46.5,7.0,KC,20.0,27.0,17,25,19.393721464626893,26.2730853376379,6.879363873011009,8,45.666806802264794,42,KC,KC,False,True,True
2023,17,CLE,NYJ,33.5,-7.0,CLE,20.0,13.0,37,20,18.478909302806358,19.15972083804418,0.6808115352378223,-17,37.63863014085054,57,NYJ,CLE,False,False,False
2023,17,DAL,DET,53.0,-4.0,DAL,28.0,24.0,20,19,29.66192972913593,22.349908788200977,-7.3120209409349535,-1,52.01183851733691,39,DAL,DAL,False,True,True
2023,17,DEN,LAC,39.0,-3.5,DEN,21.0,18.0,16,9,20.417282527977342,19.99732376043989,-0.41995876753745165,-7,40.41460628841723,25,DEN,DEN,False,False,True
2023,17,GB,MIN,42.5,1.0,MIN,21.0,22.0,33,10,23.403261540056025,22.904539944660932,-0.498721595395093,-23,46.30780148471696,43,GB,GB,True,False,False
2023,17,HOU,TEN,44.0,-5.0,HOU,24.0,20.0,26,3,23.637643763835808,20.394115584758783,-3.2435281790770247,-23,44.03175934859459,29,HOU,HOU,False,False,True
2023,17,IND,LV,42.0,-3.5,IND,23.0,19.0,23,20,21.61968907193588,18.907319257344852,-2.712369814591028,-3,40.52700832928073,43,IND,IND,True,False,True
2023,17,LAR,NYG,43.5,-6.0,LAR,25.0,19.0,26,25,26.22830871246908,19.36521318901865,-6.863095523450429,-1,45.59352190148773,51,LAR,LAR,False,False,True
2023,17,NO,TB,42.5,2.5,TB,20.0,22.0,23,13,20.40126958654656,23.261145773306353,2.8598761867597915,-10,43.662415359852915,36,TB,NO,False,False,False
2023,17,PIT,SEA,40.5,4.0,SEA,18.0,22.0,30,23,17.997597410242108,24.68560930899873,6.688011898756621,-7,42.683206719240836,53,SEA,PIT,False,False,False
2023,17,SF,WAS,48.5,-14.0,SF,31.0,17.0,27,10,28.246690395899364,17.786074541609096,-10.460615854290268,-17,46.03276493750846,37,SF,SF,False,True,True
2023,18,ARI,SEA,48.0,3.0,SEA,22.0,26.0,20,21,21.764451305281156,24.065559106039284,2.3011078007581283,1,45.830010411320444,41,SEA,SEA,True,True,True
2023,18,ATL,NO,41.5,3.0,NO,19.0,22.0,17,48,19.605209103171127,21.804682899182886,2.199473796011759,31,41.40989200235401,65,NO,NO,False,False,True
2023,18,BAL,PIT,34.0,3.0,PIT,16.0,18.0,10,17,20.284696703890823,17.450040169704444,-2.8346565341863794,7,37.73473687359527,27,BAL,PIT,False,False,False
2023,18,BUF,MIA,48.0,-2.5,BUF,25.0,23.0,21,14,26.51559820267253,24.133154279464563,-2.3824439232079655,-7,50.64875248213709,35,BUF,BUF,False,False,True
2023,18,CAR,TB,36.5,4.5,TB,16.0,20.0,0,9,19.172024473417977,20.9932877097362,1.8212632363182237,9,40.16531218315418,9,TB,TB,False,False,True
2023,18,CHI,GB,46.0,2.5,GB,22.0,24.0,9,17,22.337068874349878,24.66437341561238,2.327304541262503,8,47.001442289962256,26,GB,GB,False,False,True
2023,18,CIN,CLE,37.0,-7.0,CIN,22.0,15.0,31,14,21.315839784950875,17.258081558058656,-4.0577582268922185,-17,38.57392134300953,45,CIN,CIN,False,False,True
2023,18,DAL,WAS,47.5,-13.0,DAL,30.0,17.0,38,10,27.632919134019296,16.772036688679723,-10.860882445339573,-28,44.40495582269902,48,DAL,DAL,False,False,True
2023,18,DEN,LV,37.5,3.5,LV,17.0,17.0,14,27,19.34998219689065,19.208161364221162,-0.14182083266948808,13,38.55814356111181,41,DEN,LV,False,False,False
2023,18,DET,MIN,47.5,-4.0,DET,26.0,22.0,30,20,27.0734635357706,23.121023204716504,-3.9524403310540954,-10,50.19448674048711,50,DET,DET,False,False,True
2023,18,HOU,IND,47.5,-1.0,HOU,24.0,23.0,23,19,24.433840448032818,22.335797911642974,-2.098042536389844,-4,46.769638359675795,42,HOU,HOU,True,True,True
2023,18,JAX,TEN,41.5,-3.5,JAX,22.0,19.0,20,28,21.138510610478008,16.991237262470833,-4.147273348007175,8,38.12974787294884,48,JAX,TEN,False,False,False
2023,18,KC,LAC,35.0,3.5,LAC,16.0,19.0,13,12,20.365235652293414,19.08129383813944,-1.2839418141539731,-1,39.44652949043285,25,KC,KC,True,False,False
2023,18,LAR,SF,40.0,5.5,SF,17.0,23.0,21,20,18.521628288306886,24.874067090865733,6.352438802558847,-1,43.39569537917262,41,SF,LAR,False,False,False
2023,18,NE,NYJ,28.5,-2.0,NE,15.0,13.0,3,17,18.03014959992556,19.86284761176328,1.8326980118377172,14,37.89299721168884,20,NYJ,NYJ,True,False,False
2023,18,NYG,PHI,43.5,5.0,PHI,19.0,24.0,27,10,18.962390102708174,24.58679936701782,5.624409264309648,-17,43.549189469725995,37,PHI,NYG,False,False,False
2023,1,ARI,WAS,38.0,7.0,WAS,16.0,22.0,16,20,17.602571248482217,20.600495294652532,2.997924046170315,4,38.20306654313475,36,WAS,WAS,True,False,True
2023,1,ATL,CAR,39.5,-3.5,ATL,22.0,18.0,24,10,22.154896143248877,18.11307361149425,-4.041822531754626,-14,40.26796975474313,34,ATL,ATL,True,False,True
2023,1,BAL,HOU,43.5,-9.5,BAL,26.0,17.0,25,9,26.308277134117795,18.770808891300565,-7.53746824281723,-16,45.07908602541836,34,BAL,BAL,False,False,True
2023,1,BUF,NYJ,45.5,-2.0,BUF,24.0,22.0,16,22,24.37297080240858,20.901201906688993,-3.4717688957195882,6,45.27417270909757,38,BUF,NYJ,False,True,False
2023,1,CHI,GB,41.5,-1.0,CHI,21.0,20.0,20,38,20.589059381895495,21.526888099337597,0.9378287174421018,18,42.11594748123309,58,GB,GB,True,False,False
2023,1,CIN,CLE,47.5,-2.0,CIN,25.0,23.0,3,24,24.629186143044294,23.33388984475888,-1.2952962982854146,21,47.96307598780317,27,CIN,CLE,True,False,False
2023,1,DAL,NYG,45.0,-3.5,DAL,24.0,21.0,40,0,23.925925743141992,21.341635521736457,-2.584290221405535,-40,45.26756126487845,40,DAL,DAL,False,False,True
2023,1,DEN,LV,43.0,-3.5,DEN,23.0,20.0,16,17,21.32652393511959,20.820951086199077,-0.5055728489205116,1,42.14747502131867,33,DEN,LV,True,True,False
2023,1,DET,KC,53.0,4.5,KC,24.0,29.0,21,20,23.115568060801273,29.451540374567166,6.335972313765893,-1,52.56710843536844,41,KC,DET,False,True,False
2023,1,IND,JAX,46.0,4.5,JAX,21.0,25.0,21,31,20.052828494074067,26.431058188165586,6.3782296940915195,10,46.48388668223966,52,JAX,JAX,True,False,True
2023,1,LAC,MIA,51.0,-3.0,LAC,27.0,24.0,34,36,26.45130756375685,23.860428685846024,-2.590878877910825,2,50.31173624960287,70,LAC,MIA,True,False,False
2023,1,LAR,SEA,46.0,5.0,SEA,20.0,26.0,30,13,19.87389300895203,26.100579305842352,6.226686296890321,-17,45.97447231479438,43,SEA,LAR,False,True,False
2023,1,MIN,TB,46.0,-5.0,MIN,26.0,20.0,17,20,25.23698167984756,18.597871652923885,-6.6391100269236745,3,43.834853332771445,37,MIN,TB,False,True,False
2023,1,NE,PHI,44.5,3.5,PHI,20.0,24.0,20,25,20.060992025456873,24.613691871845724,4.552699846388851,5,44.6746838973026,45,PHI,PHI,True,False,True
2023,1,NO,TEN,41.5,-3.0,NO,22.0,19.0,16,15,20.65155268340201,15.875087214100148,-4.776465469301861,-1,36.52663989750216,31,NO,NO,False,True,True
2023,1,PIT,SF,41.5,2.0,SF,20.0,22.0,7,30,19.78501246060629,24.262251826656236,4.477239366049947,23,44.04726428726252,37,SF,SF,True,False,True
2023,2,ARI,NYG,39.5,4.0,NYG,18.0,22.0,28,31,17.32359281164736,23.66197644756059,6.338383635913232,3,40.98556925920795,59,NYG,NYG,False,False,True
2023,2,ATL,GB,40.0,-1.5,ATL,21.0,19.0,25,24,21.358979136629642,17.19102760901697,-4.167951527612672,-1,38.55000674564661,49,ATL,ATL,False,False,True
2023,2,BAL,CIN,45.5,3.0,CIN,21.0,24.0,27,24,21.823100346180563,23.079619295537345,1.2565189493567814,-3,44.90271964171791,51,CIN,BAL,True,False,False
2023,2,BUF,LV,47.0,-8.0,BUF,28.0,20.0,38,10,31.36951616493467,19.689700075359312,-11.679816089575358,-28,51.05921624029398,48,BUF,BUF,True,False,True
2023,2,CAR,NO,39.5,3.0,NO,18.0,21.0,17,20,16.67792293390025,19.720238759721624,3.042315825821376,3,36.39816169362187,37,NO,NO,False,True,True
2023,2,CHI,TB,41.0,2.5,TB,19.0,22.0,17,27,18.50202653589377,22.617530481662442,4.115503945768673,10,41.11955701755621,44,TB,TB,True,False,True
2023,2,CLE,PIT,38.0,-2.0,CLE,20.0,18.0,22,26,17.934453116475126,17.09423486587383,-0.8402182506012963,4,35.028687982348956,48,CLE,PIT,True,False,False
2023,2,DAL,NYJ,38.5,-8.5,DAL,24.0,15.0,30,10,23.800151977406344,16.791804721970294,-7.00834725543605,-20,40.59195669937664,40,DAL,DAL,False,False,True
2023,2,DEN,WAS,38.5,-3.5,DEN,21.0,18.0,33,35,21.62006770984107,19.383933684703003,-2.2361340251380675,2,41.004001394544076,68,DEN,WAS,True,False,False
2023,2,DET,SEA,47.0,-4.5,DET,26.0,21.0,31,37,26.42119333137263,21.55609360807239,-4.86509972330024,6,47.97728693944502,68,DET,SEA,False,False,False
2023,2,HOU,IND,39.5,-1.0,HOU,20.0,19.0,20,31,19.291597440533796,18.384447510048318,-0.9071499304854775,11,37.67604495058211,51,HOU,IND,True,False,False
2023,2,JAX,KC,51.0,3.0,KC,24.0,27.0,9,17,22.50100295308618,26.91636182143294,4.415358868346761,8,49.417364774519115,26,KC,KC,True,True,True
2023,2,LAC,TEN,45.5,-2.5,LAC,24.0,22.0,24,27,25.166255230199823,22.737016711135528,-2.4292385190642953,3,47.90327194133535,51,LAC,TEN,True,False,False
2023,2,LAR,SF,45.0,7.5,SF,19.0,26.0,23,30,19.83365711520588,23.326030436376197,3.492373321170316,7,43.15968755158208,53,SF,SF,True,False,True
2023,2,MIA,NE,46.5,-2.5,MIA,24.0,22.0,24,17,23.99191451138634,21.83528346616191,-2.1566310452244295,-7,45.82719797754825,41,MIA,MIA,False,True,True
2023,2,MIN,PHI,49.0,6.0,PHI,22.0,28.0,28,34,22.031442446630052,28.89165186560715,6.8602094189770995,6,50.923094312237204,62,PHI,PHI,False,False,True
2023,3,ARI,DAL,43.0,13.0,DAL,15.0,28.0,28,16,14.055283778678007,28.43460657760206,14.379322798924054,-12,42.48989035628007,44,DAL,ARI,False,False,False
2023,3,ATL,DET,46.0,3.0,DET,22.0,24.0,6,20,22.558018923862242,22.710879080574927,0.15286015671268416,14,45.26889800443717,26,DET,DET,False,True,True
2023,3,BAL,IND,43.0,-8.0,BAL,26.0,18.0,19,22,27.63767692969561,18.223615725889132,-9.414061203806476,3,45.86129265558474,41,BAL,IND,False,False,False
2023,3,BUF,WAS,43.0,-6.0,BUF,24.0,18.0,37,3,24.309134563429446,19.437333236645927,-4.871801326783519,-34,43.74646780007537,40,BUF,BUF,False,False,True
2023,3,CAR,SEA,42.0,5.0,SEA,18.0,24.0,27,37,18.03268200775976,24.400349205810784,6.3676671980510235,10,42.433031213570544,64,SEA,SEA,True,False,True
2023,3,CHI,KC,48.0,12.5,KC,18.0,30.0,10,41,17.718509109791086,26.407956169584345,8.68944705979326,31,44.12646527937543,51,KC,KC,False,False,True
2023,3,CIN,LAR,43.5,-2.0,CIN,23.0,21.0,19,16,22.225794498152204,23.950122524587975,1.7243280264357708,-3,46.17591702274018,35,LAR,CIN,False,False,False
2023,3,CLE,TEN,38.5,-3.5,CLE,21.0,18.0,27,3,20.512458996509437,16.7212583615973,-3.791200634912137,-24,37.23371735810674,30,CLE,CLE,True,True,True
2023,3,DEN,MIA,47.0,6.0,MIA,20.0,26.0,20,70,21.564393111005742,26.43257059439761,4.868177483391868,50,47.99696370540335,90,MIA,MIA,False,False,True
2023,3,GB,NO,42.0,-1.0,GB,22.0,20.0,18,17,21.131546538064413,19.80352977556094,-1.3280167625034736,-1,40.93507631362535,35,GB,GB,False,True,True
2023,3,HOU,JAX,43.5,7.5,JAX,18.0,26.0,37,17,19.31238968670867,25.787258971406047,6.474869284697377,-20,45.09964865811472,54,JAX,HOU,True,False,False
2023,3,LAC,MIN,54.0,1.0,MIN,26.0,28.0,28,24,26.141821299132864,25.93232825743494,-0.20949304169792526,-4,52.074149556567804,52,LAC,LAC,True,True,False
2023,3,LV,PIT,43.0,-2.5,LV,23.0,20.0,18,23,23.66990933059007,17.896844224819965,-5.773065105770105,5,41.56675355541003,41,LV,PIT,False,True,False
2023,3,NE,NYJ,36.0,-2.5,NE,19.0,17.0,15,10,19.182928481290052,18.526297426809727,-0.6566310544803251,-5,37.70922590809978,25,NE,NE,False,False,True
2023,3,NYG,SF,44.0,10.0,SF,17.0,27.0,12,30,20.021953072750453,27.20452522838686,7.182572155636407,18,47.22647830113731,42,SF,SF,False,False,True
2023,3,PHI,TB,45.0,-5.0,PHI,25.0,20.0,25,11,26.228988600994462,20.225401005313977,-6.003587595680486,-14,46.45438960630844,36,PHI,PHI,True,False,True
2023,4,ARI,SF,43.5,14.0,SF,15.0,29.0,16,35,16.550938069684015,30.796236066008596,14.245297996324581,19,47.34717413569261,51,SF,SF,True,False,True
2023,4,ATL,JAX,42.5,3.0,JAX,20.0,23.0,7,23,20.99600051512025,21.098077910304507,0.1020773951842564,16,42.094078425424755,30,JAX,JAX,False,True,True
2023,4,BAL,CLE,38.5,2.5,CLE,18.0,20.0,28,3,18.32966079753808,17.49020912842988,-0.8394516691082003,-25,35.81986992596796,31,BAL,BAL,True,True,False
2023,4,BUF,MIA,53.5,-2.5,BUF,28.0,26.0,48,20,29.887045281837736,25.233673584840872,-4.653371696996864,-28,55.12071886667861,68,BUF,BUF,True,False,True
2023,4,CAR,MIN,46.5,4.5,MIN,21.0,26.0,13,21,21.052667061316136,25.50928915735103,4.456622096034895,8,46.56195621866716,34,MIN,MIN,False,False,True
2023,4,CHI,DEN,46.5,3.0,DEN,22.0,25.0,28,31,21.350264109259754,25.921489845802775,4.5712257365430204,3,47.27175395506253,59,DEN,DEN,False,False,True
2023,4,CIN,TEN,41.0,-2.5,CIN,22.0,19.0,3,27,21.74262560029431,18.455421926932424,-3.287203673361887,24,40.198047527226734,30,CIN,TEN,False,True,False
2023,4,DAL,NE,43.5,-6.0,DAL,25.0,19.0,38,3,24.961544493740533,17.62562473689791,-7.335919756842621,-35,42.587169230638445,41,DAL,DAL,True,True,True
2023,4,DET,GB,46.0,-1.5,DET,24.0,22.0,34,20,23.86844211631474,22.16090102452003,-1.7075410917947096,-14,46.02934314083477,54,DET,DET,True,False,True
2023,4,HOU,PIT,42.0,3.0,PIT,20.0,22.0,30,6,18.919198904355,20.620820066219363,1.701621161864363,-24,39.540018970574366,36,PIT,HOU,True,True,False
2023,4,IND,LAR,45.5,-1.0,IND,23.0,22.0,23,29,20.054111303804653,24.175798099160147,4.121686795355494,6,44.2299094029648,52,LAR,LAR,True,False,False
2023,4,KC,NYJ,41.5,-8.5,KC,25.0,16.0,23,20,25.56777170343664,18.45547430950344,-7.112297393933201,-3,44.02324601294008,43,KC,KC,True,False,True
2023,4,LAC,LV,48.0,-6.0,LAC,27.0,21.0,24,17,26.48441560664007,23.501360374059836,-2.9830552325802344,-7,49.985775980699906,41,LAC,LAC,False,False,True
2023,4,NO,TB,40.0,-3.5,NO,22.0,18.0,9,26,21.83710088154219,19.350904915499925,-2.486195966042267,17,41.188005797042116,35,NO,TB,True,False,False
2023,4,NYG,SEA,47.0,1.5,SEA,23.0,24.0,3,24,22.93286973794311,23.846864058348302,0.913994320405191,21,46.77973379629141,27,SEA,SEA,False,True,True
2023,4,PHI,WAS,43.0,-9.0,PHI,26.0,17.0,34,31,26.817178900917845,17.81426548818058,-9.002913412737264,-3,44.63144438909843,65,PHI,PHI,False,False,True
2023,5,ARI,CIN,45.0,3.0,CIN,21.0,24.0,20,34,22.184694333170423,23.09271291963158,0.9080185864611572,14,45.27740725280201,54,CIN,CIN,False,False,True
2023,5,ATL,HOU,42.0,-2.5,ATL,22.0,20.0,21,19,21.275961293272495,19.67786128928538,-1.5981000039871134,-2,40.953822582557876,40,ATL,ATL,True,True,True
2023,5,BAL,PIT,38.5,-4.5,BAL,22.0,17.0,10,17,21.500990022884764,16.030782027065385,-5.470207995819379,7,37.53177204995015,27,BAL,PIT,False,True,False
2023,5,BUF,JAX,48.5,-5.0,BUF,27.0,22.0,20,25,26.279814642628185,22.6999452077511,-3.579869434877086,5,48.97975985037928,45,BUF,JAX,True,False,False
2023,5,CAR,DET,43.5,9.0,DET,17.0,26.0,24,42,17.703111842998013,25.5196489705077,7.816537127509687,18,43.222760813505715,66,DET,DET,False,False,True
2023,5,CHI,WAS,44.5,6.0,WAS,19.0,25.0,40,20,18.515948436436915,25.586275190261716,7.070326753824801,-20,44.10222362669863,60,WAS,CHI,False,False,False
2023,5,DAL,SF,45.5,3.5,SF,21.0,24.0,10,42,22.477835319794767,24.483517556909355,2.0056822371145877,32,46.961352876704126,52,SF,SF,False,False,True
2023,5,DEN,NYJ,42.5,-2.0,DEN,22.0,20.0,21,31,22.634282155239212,20.098162385052245,-2.5361197701869678,10,42.73244454029145,52,DEN,NYJ,False,False,False
2023,5,GB,LV,45.0,2.0,LV,22.0,22.0,13,17,21.33754347664214,22.57958342548867,1.2420399488465321,4,43.91712690213081,30,LV,LV,False,True,True
2023,5,IND,TEN,43.0,1.0,TEN,21.0,23.0,23,16,20.263204758239006,22.342443378511184,2.0792386202721787,-7,42.60564813675019,39,TEN,IND,False,True,False
2023,5,KC,MIN,52.5,-3.5,KC,28.0,24.0,27,20,28.655012329553728,23.858703486578484,-4.796308842975243,-7,52.51371581613221,47,KC,KC,True,False,True
2023,5,LAR,PHI,50.5,3.5,PHI,24.0,27.0,14,23,24.934175897804494,25.616548788615447,0.682372890810953,9,50.55072468641994,37,PHI,PHI,False,False,True
2023,5,MIA,NYG,47.5,-13.0,MIA,30.0,17.0,31,16,26.965515692072096,18.80386312178849,-8.161652570283607,-15,45.769378813860584,47,MIA,MIA,False,True,True
2023,5,NE,NO,38.5,-1.5,NE,20.0,18.0,0,34,18.586882026043398,20.200103197337093,1.613221171293695,34,38.78698522338049,34,NO,NO,True,False,False
2023,6,ARI,LAR,48.0,7.0,LAR,20.0,28.0,9,26,20.642204574943328,30.36853937311734,9.726334798174012,17,51.010743948060664,35,LAR,LAR,True,False,True
2023,6,ATL,WAS,42.0,-1.5,ATL,22.0,20.0,16,24,21.992725966743045,19.153124266118528,-2.8396017006245167,8,41.14585023286158,40,ATL,WAS,False,True,False
2023,6,BAL,TEN,42.5,-5.5,BAL,24.0,18.0,24,16,23.303644945389827,19.058368603970916,-4.245276341418911,-8,42.36201354936074,40,BAL,BAL,False,True,True
2023,6,BUF,NYG,43.5,-15.0,BUF,29.0,14.0,14,9,30.44317595141641,17.286564869573883,-13.156611081842527,-5,47.729740820990294,23,BUF,BUF,True,False,True
2023,6,CAR,MIA,47.5,14.0,MIA,17.0,31.0,21,42,16.809766724542765,26.31383485755375,9.504068133010986,21,43.12360158209651,63,MIA,MIA,False,False,True
2023,6,CHI,MIN,43.0,1.0,MIN,21.0,24.0,13,19,22.85368927170868,25.54863453234394,2.694945260635258,6,48.40232380405262,32,MIN,MIN,True,False,True
2023,6,CIN,SEA,45.5,-3.0,CIN,24.0,21.0,17,13,22.884215707507717,22.551177754871436,-0.3330379526362819,-4,45.43539346237915,30,CIN,CIN,False,True,True
2023,6,CLE,SF,36.0,9.5,SF,13.0,23.0,19,17,17.688951946859607,23.672011898001294,5.983059951141687,-2,41.360963844860905,36,SF,CLE,True,False,False
2023,6,DAL,LAC,50.0,-1.0,DAL,26.0,24.0,20,17,24.934859912899984,23.990611664043882,-0.9442482488561019,-3,48.92547157694386,37,DAL,DAL,False,True,True
2023,6,DEN,KC,47.5,10.5,KC,18.0,29.0,8,19,19.91142110454785,26.546418827176623,6.634997722628775,11,46.45783993172447,27,KC,KC,False,True,True
2023,6,DET,TB,43.0,-3.0,DET,23.0,20.0,20,6,24.05836836020224,20.79985426715038,-3.2585140930518612,-14,44.85822262735262,26,DET,DET,True,False,True
2023,6,HOU,NO,41.5,2.5,NO,20.0,22.0,20,13,19.726274805497425,21.23805873583013,1.5117839303327045,-7,40.964333541327555,33,NO,HOU,True,True,False
2023,6,IND,JAX,44.0,4.0,JAX,20.0,24.0,20,37,19.656201693403283,25.271622919449804,5.6154212260465215,17,44.92782461285309,57,JAX,JAX,True,False,True
2023,6,LV,NE,41.5,3.0,NE,19.0,19.0,21,17,18.266580365604376,16.561959107340083,-1.704621258264293,-4,34.828539472944456,38,LV,LV,True,True,False
2023,6,NYJ,PHI,43.5,6.5,PHI,18.0,25.0,20,14,17.933594478758224,26.925811419029678,8.992216940271454,-6,44.8594058977879,34,PHI,NYJ,False,False,False
2023,7,ARI,SEA,43.5,9.0,SEA,17.0,26.0,10,20,19.30684186617311,26.286699984829518,6.979858118656409,10,45.59354185100263,30,SEA,SEA,False,False,True
2023,7,ATL,TB,37.5,3.0,TB,17.0,20.0,16,13,20.352303880332578,20.759412057575187,0.40710817724260906,-3,41.11171593790776,29,TB,ATL,True,False,False
2023,7,BAL,DET,43.5,-3.0,BAL,23.0,20.0,38,6,21.88403990176414,19.22797828326111,-2.6560616185030312,-32,41.11201818502525,44,BAL,BAL,False,False,True
2023,7,BUF,NE,41.0,-7.5,BUF,24.0,17.0,25,29,24.561959856681185,18.376140051466614,-6.185819805214571,4,42.9380999081478,54,BUF,NE,True,False,False
2023,7,CHI,LV,38.5,2.5,LV,18.0,18.0,30,12,18.218979127004975,18.343139219390707,0.12416009238573267,-18,36.56211834639568,42,LV,CHI,True,False,False
2023,7,CLE,IND,39.5,-3.5,CLE,22.0,18.0,39,38,21.65305620618597,17.84302501868242,-3.8100311875035473,-1,39.49608122486839,77,CLE,CLE,False,False,True
2023,7,DEN,GB,44.0,-1.5,DEN,23.0,21.0,19,17,22.927866375945193,20.05663080325679,-2.871235572688402,-2,42.98449717920198,36,DEN,DEN,True,True,True
2023,7,JAX,NO,41.0,2.5,NO,19.0,22.0,31,24,18.51996477524343,21.490547804952776,2.9705830297093456,-7,40.010512580196206,55,NO,JAX,False,False,False
2023,7,KC,LAC,48.5,-5.5,KC,27.0,22.0,31,17,26.74392100896806,21.425863434505196,-5.318057574462863,-14,48.169784443473254,48,KC,KC,False,True,True
2023,7,LAR,PIT,44.0,-3.5,LAR,24.0,20.0,17,24,24.79701626762061,18.493212174066407,-6.303804093554202,7,43.29022844168702,41,LAR,PIT,False,True,False
2023,7,MIA,PHI,52.0,3.0,PHI,24.0,28.0,17,31,22.570501616845597,31.879327637470254,9.308826020624657,14,54.44982925431585,48,PHI,PHI,True,False,True
2023,7,MIN,SF,44.0,7.0,SF,18.0,26.0,22,17,19.187883119662395,27.40450703943099,8.216623919768594,-5,46.592390159093384,39,SF,MIN,False,False,False
2023,7,NYG,WAS,37.0,3.0,WAS,17.0,20.0,14,7,20.255866105529517,18.546417193020286,-1.709448912509231,-7,38.8022832985498,21,NYG,NYG,True,False,False
2023,8,ARI,BAL,45.0,9.5,BAL,18.0,27.0,24,31,17.73417355241343,25.92900000060645,8.19482644819302,7,43.66317355301988,55,BAL,BAL,True,False,True
2023,8,ATL,TEN,35.5,-2.5,ATL,19.0,16.0,23,28,20.816573522502445,17.72123905264188,-3.095334469860564,5,38.53781257514433,51,ATL,TEN,False,False,False
2023,8,BUF,TB,43.0,-10.0,BUF,26.0,16.0,24,18,27.916753434745274,19.30329410147587,-8.613459333269404,-6,47.220047536221145,42,BUF,BUF,True,False,True
2023,8,CAR,HOU,43.0,3.5,HOU,20.0,23.0,15,13,20.167914277407984,22.79915095533194,2.6312366779239547,-2,42.96706523273993,28,HOU,CAR,True,True,False
2023,8,CHI,LAC,46.0,9.5,LAC,18.0,28.0,13,30,18.401230771047675,28.42953640700106,10.028305635953384,17,46.83076717804873,43,LAC,LAC,True,False,True
2023,8,CIN,SF,44.0,4.0,SF,20.0,24.0,31,17,19.809728881476936,25.472847017952077,5.663118136475141,-14,45.28257589942901,48,SF,CIN,False,False,False
2023,8,CLE,SEA,38.5,4.0,SEA,17.0,21.0,20,24,16.862427021228036,24.585153046267312,7.722726025039275,4,41.44758006749535,44,SEA,SEA,False,False,True
2023,8,DAL,LAR,45.5,-7.0,DAL,26.0,19.0,43,20,25.761538885408008,18.32500779652883,-7.436531088879178,-23,44.08654668193684,63,DAL,DAL,True,False,True
2023,8,DEN,KC,45.5,7.0,KC,19.0,26.0,24,9,18.68466762151404,27.28540728690995,8.60073966539591,-15,45.970074908423996,33,KC,DEN,False,False,False
2023,8,DET,LV,46.0,-7.0,DET,26.0,20.0,26,14,26.200480487047976,20.35022793448187,-5.850252552566104,-12,46.55070842152985,40,DET,DET,False,False,True
2023,8,GB,MIN,41.5,1.5,MIN,20.0,22.0,10,24,19.560195996446968,23.688616866479315,4.128420870032347,14,43.248812862926286,34,MIN,MIN,True,False,True
2023,8,IND,NO,43.5,2.0,NO,21.0,23.0,27,38,21.27689371518721,21.536616321946155,0.2597226067589453,11,42.81351003713337,65,NO,NO,False,False,True
2023,8,JAX,PIT,40.5,-2.5,JAX,22.0,19.0,20,10,22.9810996867814,17.029188743576928,-5.951910943204471,-10,40.01028843035833,30,JAX,JAX,True,True,True
2023,8,MIA,NE,47.0,-8.0,MIA,28.0,20.0,31,17,28.38477421110531,18.779987941201448,-9.604786269903862,-14,47.16476215230676,48,MIA,MIA,True,False,True
2023,8,NYG,NYJ,43.0,1.0,NYJ,21.0,19.0,10,13,20.798708006472527,18.25754023623328,-2.541167770239248,3,39.056248242705806,23,NYG,NYJ,False,True,False
2023,8,PHI,WAS,43.0,-7.0,PHI,25.0,18.0,38,31,26.229819420313838,17.85747617475528,-8.372343245558557,-7,44.08729559506912,69,PHI,PHI,False,False,True
2023,9,ARI,CLE,38.0,13.0,CLE,12.0,26.0,0,27,15.5304131005821,24.51565366059637,8.98524056001427,27,40.04606676117847,27,CLE,CLE,False,False,True
2023,9,ATL,MIN,39.0,-3.5,ATL,21.0,18.0,28,31,21.448908722144324,21.21385147301606,-0.2350572491282641,3,42.66276019516039,59,ATL,MIN,True,False,False
2023,9,BAL,SEA,44.5,-6.0,BAL,25.0,19.0,37,3,25.173104862541962,18.428210358842612,-6.744894503699349,-34,43.601315221384574,40,BAL,BAL,True,True,True
2023,9,BUF,CIN,51.0,1.5,CIN,25.0,26.0,18,24,25.68147729094171,22.96201450197047,-2.719462788971242,6,48.64349179291218,42,BUF,CIN,False,True,False
2023,9,CAR,IND,45.0,1.5,IND,22.0,23.0,13,27,23.54309993083922,22.143604011579598,-1.3994959192596212,14,45.686703942418816,40,CAR,IND,False,False,False
2023,9,CHI,NO,42.0,9.0,NO,16.0,26.0,17,24,18.708063831149822,25.279258684967594,6.571194853817772,7,43.987322516117416,41,NO,NO,True,False,True
2023,9,DAL,PHI,46.5,3.0,PHI,22.0,25.0,23,28,21.91335652295411,24.373255166897877,2.4598986439437667,5,46.28661168985199,51,PHI,PHI,False,False,True
2023,9,GB,LAR,37.5,-3.5,GB,20.0,17.0,20,3,20.605085319977334,17.894929627102258,-2.7101556928750767,-17,38.50001494707959,23,GB,GB,False,False,True
2023,9,HOU,TB,40.0,-2.5,HOU,21.0,19.0,39,37,21.404561546218375,19.80539896533413,-1.5991625808842436,-2,41.20996051155251,76,HOU,HOU,True,False,True
2023,9,KC,MIA,51.0,-1.0,KC,26.0,25.0,21,14,24.538013675606976,25.273808076587166,0.7357944009801898,-7,49.81182175219414,35,MIA,KC,False,True,False
2023,9,LAC,NYJ,41.0,-3.0,LAC,22.0,19.0,27,6,24.145354480216298,17.917135631409842,-6.228218848806456,-21,42.06249011162614,33,LAC,LAC,True,False,True
2023,9,LV,NYG,38.5,1.5,NYG,18.0,18.0,30,6,18.16900371372374,18.9115313623511,0.7425276486273589,-24,37.08053507607484,36,NYG,LV,True,True,False
2023,9,NE,WAS,40.5,-3.0,NE,22.0,19.0,17,20,20.214317819565508,18.406048419241493,-1.808269400324015,3,38.620366238807,37,NE,WAS,True,True,False
2023,9,PIT,TEN,37.0,-3.0,PIT,20.0,17.0,20,16,18.77418717476945,18.74854257986047,-0.0256445949089823,-4,37.52272975462992,36,PIT,PIT,False,False,True
